Caméra, Serial Number, Memo pwds, sha256

Caméra1, 89840, (AG<SNM!)[0], 6764bcfd448799b6bc33aea30af1f625ea70c6faaf2b35d5394577f8b2a85eda
Caméra2, 89838, (AG<SNM!)[1], deec97719b3be1540c5c1f5b7ccf61ef0b7be4b6152477e6d8fd91a34397debb
Caméra3, 88259, (AG<SNM!)[2], 4db928f603904b9b07b33406c72178ca685571662cc41766b57f9fb86491ee0a
Caméra4, 89835, (AG<SNM!)[3], eb284dfd1def4064b4005956ea4cc7cc669c5ef216299c472d56a90100fd5eec
Caméra5, 88256, (AG<SNM!)[4], 641dad68cd26d179f57f825c0d83512377aa8ecab7987fbbbb5bd152032ad931
Caméra6, 88262, (AG<SNM!)[5], d4d277ceb493482731552eca5340f0bcd12d5ee75d81bb511923372fb152e184
Caméra7, 89832, (AG<SNM!)[6], 88740a72e4a7e06bb819babe90bb2283157cb652d9699eb3e2f09d89f36ba2d4
Caméra8, 89841, (AG<SNM!)[7], 98e62705be2b32a1b048762976994ca4aedc08003bd00f9228964e6954ae80e8
Caméra9, 89836, (AG<SNM!)[8], 84940e375d2d8d8ac1c385525883913ed2087e678173b8c0f9ea83f542cca55d
Caméra10, 89837, (AG<SNM!)[9], 69ddd9a51cc207a48e9b4f5ebab3cfd6632ed20f9ab4f98a3437a278b8098441
Caméra11, 88252, (AG<SNM!)[10], 9cc6ea45d9cd27020e8c9e532acf1fdda944973045424dc79f0c23124d02df9d
Caméra12, 89839, (AG<SNM!)[11], 801d6092af6f0229336ee530d40ced8d43efcd7a619d59f23aa1417f9daeea50
Caméra13, 89842, (AG<SNM!)[12], 3ad64624444a81d5b3824f618c3d85e76e0dd8b3581a025570f5889dc316af75
Caméra14, 89843, (AG<SNM!)[13], a8368e309fb083b99c8e2ba470c19c9455f0ed9bcded94b11fa13b37afe96381
Caméra15, 89833, (AG<SNM!)[14], e6b928c0476897a6e120f12ec10274fd67d8dc5ba14e7e63fff6b66d393e7578
Caméra16, 89834, (AG<SNM!)[15], 368e77ad81d25cb6e7df964da72905370a6cdb52ddc62f8da6d0b6e9888a7b52
Caméra17, 88257, (AG<SNM!)[16], 74e5009e3680eee0ed929c7694e7e2e94e94f8991fe9c82c33c5c35e19a0215c
Caméra18, 88263, (AG<SNM!)[17], b57dab3fcceb3099e8f08c66d9018b73971084a35f1d55de836400bd7d9d8626

Caméra19, 66954, ((M<)+AG!SN<)[0], fc2826912b64513f92b4efd306f0800fd42c1323e89bebc04ac752395fa18f91
Caméra20, 66904, ((M<)+AG!SN<)[1], 0ab269a4829dcd237ee8a50dda4b55cd2cc4fbc8d0500eea5befa256b1dbb6a8
Caméra21, 66861, ((M<)+AG!SN<)[2], 61eee7a6eaa797cc5b1eda713f961f9f0ad7e96717280399a8cc5749bd929e02
Caméra22, 66856, ((M<)+AG!SN<)[3], c2157a520fba5234730ca79c1be47a2d89500e6ed42c25f93dd182abe424d11c
Caméra23, 66886, ((M<)+AG!SN<)[4], 718b6ab4c4af121cf4492a99edeaae4e45cf9fc1da52d0f5bffed215cf2a710f
Caméra24, 66879, ((M<)+AG!SN<)[5], 7c0c0e2d9b3b03d9c5ec53b88ba6d67c3ddd13762371b7cdc75c7952312dd0a3
Caméra25, 66942, ((M<)+AG!SN<)[6], f79eba5c45630c7b2dedf25efd8bd8f7ba49d33e72a08cf5264ac4ba0273003a
Caméra26, 66960, ((M<)+AG!SN<)[7], 99777c79ec085ec7c0fd535bfe2ee11f92d24fee27ec4552fa4a6ff4f16189b1
Caméra27, 66925, ((M<)+AG!SN<)[8], 8ef375baa2f18c2c6c2ee8c8d8609af7eda183117ede8a8e3bf9388e8c478819
Caméra28, 66913, ((M<)+AG!SN<)[9], 77d4e4eb42f09e598da61cc9781cca320a62859f2a3258a825b59ddda6765f85
Caméra29, 66898, ((M<)+AG!SN<)[10], 2398531ff3a7ec8186025ecb09b67a71a4a8fa5ab4f4b417fa042057c2b757b7
Caméra30, 66935, ((M<)+AG!SN<)[11], c589844b18b6719d72ad550d068e45c8ff20243b50e3683879af7a99d561b937